<icegrid>

  <application name="JohanCoffee">

    <node name="node1">
      <server id="SimpleServer" exe="java" activation="on-demand">
        <option>-jar</option>
        <option>build/libs/server.jar</option>
        <adapter name="Hello" endpoints="tcp -h localhost">
          <object identity="hello" type="::Demo::Hello" property="Identity"/>
        </adapter>

        <property name="IceMX.Metrics.Debug.GroupBy" value="id"/>
        <property name="IceMX.Metrics.Debug.Disabled" value="1"/>
        <property name="IceMX.Metrics.ByParent.GroupBy" value="parent"/>
        <property name="IceMX.Metrics.ByParent.Disabled" value="1"/>
      </server>
    </node>

  </application>

</icegrid>